Task,DistCategory,ParamName,ParamValue,Distribution,Policy,Mean,Mean_Std,CVaR10,CVaR10_Std,Min,Min_Std
CartpoleSwingup,Jump Diffusion (Drift=0.0),Jump Probability,0.001,Jump Diffusion (Drift=0.0) | Jump Probability=0.001,RSDR (β=-10),733.2567672729492,4.019462743630133,469.605655670166,16.883145739753115,201.92099380493164,28.266127003994466
CartpoleSwingup,Jump Diffusion (Drift=0.0),Jump Probability,0.001,Jump Diffusion (Drift=0.0) | Jump Probability=0.001,UDR,726.0981216430664,6.151237970686863,435.2861557006836,20.586772307683272,198.50211334228516,17.14608524036881
CartpoleSwingup,Jump Diffusion (Drift=0.0),Jump Probability,0.001,Jump Diffusion (Drift=0.0) | Jump Probability=0.001,RSDR (β=-20),721.032470703125,12.761148901511403,468.6485481262207,18.91406498264616,192.76913690567017,60.63414192916423
CartpoleSwingup,Jump Diffusion (Drift=0.0),Jump Probability,0.001,Jump Diffusion (Drift=0.0) | Jump Probability=0.001,RSDR (β=-30),704.3059768676758,15.417978071288886,454.3872604370117,25.912231090075295,206.1841640472412,23.2365934057947
CartpoleSwingup,Jump Diffusion (Drift=0.0),Jump Probability,0.005,Jump Diffusion (Drift=0.0) | Jump Probability=0.005,RSDR (β=-10),657.8495101928711,6.220162893244803,307.94869232177734,15.306263566375529,123.6422529220581,39.58090199373722
CartpoleSwingup,Jump Diffusion (Drift=0.0),Jump Probability,0.005,Jump Diffusion (Drift=0.0) | Jump Probability=0.005,UDR,646.6567230224609,8.606323831127327,297.6056594848633,11.7783280403427,168.29327201843262,14.053898052077841
CartpoleSwingup,Jump Diffusion (Drift=0.0),Jump Probability,0.005,Jump Diffusion (Drift=0.0) | Jump Probability=0.005,RSDR (β=-20),644.5869903564453,12.45209748319817,302.90210342407227,14.519744044354336,161.6022686958313,45.42322412315112
CartpoleSwingup,Jump Diffusion (Drift=0.0),Jump Probability,0.005,Jump Diffusion (Drift=0.0) | Jump Probability=0.005,RSDR (β=-30),630.3598937988281,11.11808152718917,299.4061393737793,9.585335206151207,135.58050537109375,34.68082690381128
CartpoleSwingup,Jump Diffusion (Drift=0.0),Jump Probability,0.01,Jump Diffusion (Drift=0.0) | Jump Probability=0.01,RSDR (β=-10),601.5367126464844,7.989170590166926,259.44307136535645,8.789523465729083,138.58279991149902,39.360441630259125
CartpoleSwingup,Jump Diffusion (Drift=0.0),Jump Probability,0.01,Jump Diffusion (Drift=0.0) | Jump Probability=0.01,UDR,590.197021484375,9.09702608382702,258.8118896484375,8.225494034263336,163.90883445739746,7.410446473608446
CartpoleSwingup,Jump Diffusion (Drift=0.0),Jump Probability,0.01,Jump Diffusion (Drift=0.0) | Jump Probability=0.01,RSDR (β=-20),589.6119766235352,10.207225544964686,259.2431411743164,7.734130327898508,141.37512826919556,40.88714754611486
CartpoleSwingup,Jump Diffusion (Drift=0.0),Jump Probability,0.01,Jump Diffusion (Drift=0.0) | Jump Probability=0.01,RSDR (β=-30),577.2382888793945,8.449208602017235,256.5460147857666,6.484966874282263,124.18478465080261,55.59651148870395
CartpoleSwingup,Jump Diffusion (Drift=0.0),Jump Probability,0.05,Jump Diffusion (Drift=0.0) | Jump Probability=0.05,RSDR (β=-10),534.9815444946289,12.456163896709883,225.2079677581787,6.251051899509224,117.81501865386963,31.419224575507254
CartpoleSwingup,Jump Diffusion (Drift=0.0),Jump Probability,0.05,Jump Diffusion (Drift=0.0) | Jump Probability=0.05,UDR,531.480712890625,10.748008570601959,227.45489120483398,5.862195095322142,137.3666934967041,20.316169894461314
CartpoleSwingup,Jump Diffusion (Drift=0.0),Jump Probability,0.05,Jump Diffusion (Drift=0.0) | Jump Probability=0.05,RSDR (β=-20),523.4303245544434,10.352747245947402,225.82703590393066,1.4544074792994424,137.13825130462646,26.473818208578127
CartpoleSwingup,Jump Diffusion (Drift=0.0),Jump Probability,0.05,Jump Diffusion (Drift=0.0) | Jump Probability=0.05,RSDR (β=-30),514.7161483764648,7.748573290564854,222.59352684020996,7.289593070189362,120.73490333557129,40.248729079690875
CartpoleSwingup,Jump Diffusion (Drift=0.0),Jump Probability,0.1,Jump Diffusion (Drift=0.0) | Jump Probability=0.1,UDR,568.3953475952148,12.029441723573834,240.9972324371338,5.409032032049116,160.36278247833252,18.746747715027873
CartpoleSwingup,Jump Diffusion (Drift=0.0),Jump Probability,0.1,Jump Diffusion (Drift=0.0) | Jump Probability=0.1,RSDR (β=-10),567.4539794921875,14.375943625391479,237.88816261291504,7.860404613479627,140.36490726470947,42.08565514812586
CartpoleSwingup,Jump Diffusion (Drift=0.0),Jump Probability,0.1,Jump Diffusion (Drift=0.0) | Jump Probability=0.1,RSDR (β=-20),548.9956588745117,14.276658821944721,237.19577407836914,3.160301832020704,163.42893028259277,16.345072370599702
CartpoleSwingup,Jump Diffusion (Drift=0.0),Jump Probability,0.1,Jump Diffusion (Drift=0.0) | Jump Probability=0.1,RSDR (β=-30),542.4537124633789,10.904136311564026,233.5083408355713,8.998521228400426,128.2871766090393,40.33620211024907
CartpoleSwingup,Jump Diffusion (Drift=0.0),Jump Probability,0.2,Jump Diffusion (Drift=0.0) | Jump Probability=0.2,UDR,624.3214634486607,13.99354188841765,274.5225394112723,9.987139791945662,185.5096718924386,14.235231910585469
CartpoleSwingup,Jump Diffusion (Drift=0.0001),Jump Probability,0.001,Jump Diffusion (Drift=0.0001) | Jump Probability=0.001,RSDR (β=-10),733.2515869140625,3.930025065353652,469.2473678588867,17.335551551772678,197.25871467590332,24.3489168150009
CartpoleSwingup,Jump Diffusion (Drift=0.0001),Jump Probability,0.001,Jump Diffusion (Drift=0.0001) | Jump Probability=0.001,UDR,726.0212478637695,6.164225048972544,435.7191734313965,20.584005610900878,193.51183319091797,12.448949326971608
CartpoleSwingup,Jump Diffusion (Drift=0.0001),Jump Probability,0.001,Jump Diffusion (Drift=0.0001) | Jump Probability=0.001,RSDR (β=-20),721.1043853759766,12.824636186205803,469.096923828125,19.00345761811837,210.89620971679688,11.181549415804618
CartpoleSwingup,Jump Diffusion (Drift=0.0001),Jump Probability,0.001,Jump Diffusion (Drift=0.0001) | Jump Probability=0.001,RSDR (β=-30),704.3392791748047,15.577515721206167,454.2676582336426,26.59969215022068,209.01654815673828,19.75338746124523
CartpoleSwingup,Jump Diffusion (Drift=0.0001),Jump Probability,0.005,Jump Diffusion (Drift=0.0001) | Jump Probability=0.005,RSDR (β=-10),658.0024032592773,6.158954285160361,308.57507705688477,15.987748177024097,121.7167387008667,39.739051946494676
CartpoleSwingup,Jump Diffusion (Drift=0.0001),Jump Probability,0.005,Jump Diffusion (Drift=0.0001) | Jump Probability=0.005,UDR,646.7257766723633,8.188808176292039,296.9798774719238,11.466122654746504,166.83757209777832,11.686373414000645
CartpoleSwingup,Jump Diffusion (Drift=0.0001),Jump Probability,0.005,Jump Diffusion (Drift=0.0001) | Jump Probability=0.005,RSDR (β=-20),644.7602844238281,12.607560274064799,303.6436195373535,14.993259976734672,162.43046522140503,46.61183878070758
CartpoleSwingup,Jump Diffusion (Drift=0.0001),Jump Probability,0.005,Jump Diffusion (Drift=0.0001) | Jump Probability=0.005,RSDR (β=-30),630.1586990356445,11.22389192652316,298.3318061828613,10.060978665397357,141.50682830810547,38.799103546015466
CartpoleSwingup,Jump Diffusion (Drift=0.0001),Jump Probability,0.01,Jump Diffusion (Drift=0.0001) | Jump Probability=0.01,RSDR (β=-10),601.2137680053711,8.311018754107833,259.0595703125,8.88752284511115,137.44125270843506,38.51914759242971
CartpoleSwingup,Jump Diffusion (Drift=0.0001),Jump Probability,0.01,Jump Diffusion (Drift=0.0001) | Jump Probability=0.01,UDR,590.2079620361328,8.98471269406979,257.91828536987305,8.108145339248173,160.22250270843506,17.000030716164517
CartpoleSwingup,Jump Diffusion (Drift=0.0001),Jump Probability,0.01,Jump Diffusion (Drift=0.0001) | Jump Probability=0.01,RSDR (β=-20),589.4256820678711,10.563284189154285,258.4843215942383,8.057562384075466,142.99852752685547,41.66710655896259
CartpoleSwingup,Jump Diffusion (Drift=0.0001),Jump Probability,0.01,Jump Diffusion (Drift=0.0001) | Jump Probability=0.01,RSDR (β=-30),577.1978530883789,8.378251389105062,256.3873405456543,6.327020185628181,127.50877451896667,55.823417883915276
CartpoleSwingup,Jump Diffusion (Drift=0.0001),Jump Probability,0.05,Jump Diffusion (Drift=0.0001) | Jump Probability=0.05,RSDR (β=-10),534.8918991088867,12.568288922035995,225.37028884887695,6.395362502724211,119.79164218902588,35.575285870836986
CartpoleSwingup,Jump Diffusion (Drift=0.0001),Jump Probability,0.05,Jump Diffusion (Drift=0.0001) | Jump Probability=0.05,UDR,532.0193481445312,10.82080081985141,227.47212600708008,5.7565915202944264,138.4398193359375,21.261259970852535
CartpoleSwingup,Jump Diffusion (Drift=0.0001),Jump Probability,0.05,Jump Diffusion (Drift=0.0001) | Jump Probability=0.05,RSDR (β=-20),523.9022979736328,10.70583323107035,226.89730262756348,1.7297421450732067,142.34151649475098,26.703873096339382
CartpoleSwingup,Jump Diffusion (Drift=0.0001),Jump Probability,0.05,Jump Diffusion (Drift=0.0001) | Jump Probability=0.05,RSDR (β=-30),514.5820617675781,7.748054332203085,222.6202907562256,7.57487793153011,121.02760887145996,38.166639270731984
CartpoleSwingup,Jump Diffusion (Drift=0.0001),Jump Probability,0.1,Jump Diffusion (Drift=0.0001) | Jump Probability=0.1,UDR,568.1656341552734,12.396106179656838,240.47558212280273,5.551052441466638,164.0913314819336,12.838172731021942
CartpoleSwingup,Jump Diffusion (Drift=0.0001),Jump Probability,0.1,Jump Diffusion (Drift=0.0001) | Jump Probability=0.1,RSDR (β=-10),567.1628341674805,14.99244232804877,237.2761573791504,8.528670309671357,139.6150918006897,40.8558114815631
CartpoleSwingup,Jump Diffusion (Drift=0.0001),Jump Probability,0.1,Jump Diffusion (Drift=0.0001) | Jump Probability=0.1,RSDR (β=-20),548.6296157836914,14.280350560278846,236.6404514312744,2.008394117157005,159.0372142791748,12.371868133674747
CartpoleSwingup,Jump Diffusion (Drift=0.0001),Jump Probability,0.1,Jump Diffusion (Drift=0.0001) | Jump Probability=0.1,RSDR (β=-30),542.2222900390625,10.654616219510029,233.50391006469727,9.46504229105011,122.9317479133606,39.81758467830059
CartpoleSwingup,Jump Diffusion (Drift=0.0001),Jump Probability,0.2,Jump Diffusion (Drift=0.0001) | Jump Probability=0.2,UDR,624.1581159319196,14.49235047838351,274.2143031529018,9.731186327390422,181.78991917201452,13.40804385669102
CartpoleSwingup,Jump Diffusion (Drift=0.001),Jump Probability,0.01,Jump Diffusion (Drift=0.001) | Jump Probability=0.01,RSDR (β=-10),600.3718185424805,7.7829105393661235,259.20444107055664,8.851264803214836,132.26075839996338,34.584173166982296
CartpoleSwingup,Jump Diffusion (Drift=0.001),Jump Probability,0.01,Jump Diffusion (Drift=0.001) | Jump Probability=0.01,UDR,589.3595842633929,9.277584442908932,260.2385777064732,6.986100549135505,154.81614685058594,12.893408369891274
CartpoleSwingup,Jump Diffusion (Drift=0.001),Jump Probability,0.01,Jump Diffusion (Drift=0.001) | Jump Probability=0.01,RSDR (β=-20),589.1777648925781,10.832430283903353,259.42297554016113,7.392873734767924,149.50314712524414,16.176115838592594
CartpoleSwingup,Jump Diffusion (Drift=0.001),Jump Probability,0.01,Jump Diffusion (Drift=0.001) | Jump Probability=0.01,RSDR (β=-30),576.9991073608398,8.495183323714302,256.10037994384766,7.616015040685376,112.68238496780396,46.635722365585
CartpoleSwingup,Jump Diffusion (Drift=0.001),Jump Probability,0.05,Jump Diffusion (Drift=0.001) | Jump Probability=0.05,RSDR (β=-10),536.0032653808594,12.259093975273338,226.10548400878906,5.908499364874225,120.900390625,32.23836712969551
CartpoleSwingup,Jump Diffusion (Drift=0.001),Jump Probability,0.05,Jump Diffusion (Drift=0.001) | Jump Probability=0.05,UDR,531.7059064592634,11.501832991800912,228.38106427873885,4.8379176204341805,144.2841317313058,18.493135245385066
CartpoleSwingup,Jump Diffusion (Drift=0.001),Jump Probability,0.05,Jump Diffusion (Drift=0.001) | Jump Probability=0.05,RSDR (β=-20),524.5033874511719,10.417616315161114,227.09311294555664,1.6583674554587573,133.83611392974854,32.73547281626147
CartpoleSwingup,Jump Diffusion (Drift=0.001),Jump Probability,0.05,Jump Diffusion (Drift=0.001) | Jump Probability=0.05,RSDR (β=-30),514.946117401123,7.77079693107195,222.33395195007324,7.939900404612404,127.94490671157837,40.95316459623943
CartpoleSwingup,Jump Diffusion (Drift=0.001),Jump Probability,0.1,Jump Diffusion (Drift=0.001) | Jump Probability=0.1,UDR,567.4282749720982,12.18728668491819,240.92677525111608,5.329056576692141,164.4183567592076,13.941486444639464
CartpoleSwingup,Jump Diffusion (Drift=0.001),Jump Probability,0.1,Jump Diffusion (Drift=0.001) | Jump Probability=0.1,RSDR (β=-10),566.9430313110352,15.010775917414934,237.1611442565918,7.586942353864971,136.5124101638794,43.0579850598521
CartpoleSwingup,Jump Diffusion (Drift=0.001),Jump Probability,0.1,Jump Diffusion (Drift=0.001) | Jump Probability=0.1,RSDR (β=-20),548.6947174072266,15.123241070527806,237.3812599182129,2.7838735294487718,151.69751262664795,21.355276161114556
CartpoleSwingup,Jump Diffusion (Drift=0.001),Jump Probability,0.1,Jump Diffusion (Drift=0.001) | Jump Probability=0.1,RSDR (β=-30),542.4259414672852,10.685337506091422,234.09358406066895,8.203849729193156,135.53060340881348,37.670115245516534
CartpoleSwingup,Jump Diffusion (Drift=0.001),Jump Probability,0.2,Jump Diffusion (Drift=0.001) | Jump Probability=0.2,UDR,623.3022984095982,13.958792331797442,273.8665204729353,7.843986368977601,185.98233904157365,7.71776198542609
CartpoleSwingup,Langevin (Noise=0.0),Gradient Scale,0.0,Langevin (Noise=0.0) | Gradient Scale=0.0,RSDR (β=-10),757.5693054199219,5.6338100244506055,562.668327331543,20.74543168483232,325.1378059387207,26.29757013872493
CartpoleSwingup,Langevin (Noise=0.0),Gradient Scale,0.0,Langevin (Noise=0.0) | Gradient Scale=0.0,UDR,751.0385589599609,5.98137430396068,515.9078140258789,36.75495199461425,288.273738861084,36.06232810883183
CartpoleSwingup,Langevin (Noise=0.0),Gradient Scale,0.0,Langevin (Noise=0.0) | Gradient Scale=0.0,RSDR (β=-20),747.3005142211914,13.191408820780996,580.2534255981445,21.66818204710901,357.57762145996094,66.23510607402731
CartpoleSwingup,Langevin (Noise=0.0),Gradient Scale,0.0,Langevin (Noise=0.0) | Gradient Scale=0.0,RSDR (β=-30),730.2876663208008,16.613814646652973,564.6482429504395,29.708541145300963,334.1845169067383,49.94816852933565
CartpoleSwingup,Langevin (Noise=0.0),Gradient Scale,0.001,Langevin (Noise=0.0) | Gradient Scale=0.001,RSDR (β=-10),673.0706329345703,9.215436859676123,427.23291015625,24.472501868916414,287.246862411499,33.367523235695145
CartpoleSwingup,Langevin (Noise=0.0),Gradient Scale,0.001,Langevin (Noise=0.0) | Gradient Scale=0.001,UDR,663.2770843505859,16.133807066700488,355.1697006225586,49.53694824270667,274.56455993652344,20.810449099958532
CartpoleSwingup,Langevin (Noise=0.0),Gradient Scale,0.005,Langevin (Noise=0.0) | Gradient Scale=0.005,RSDR (β=-10),632.5392074584961,8.858692225344976,394.28170013427734,32.153291369850024,277.1929359436035,29.290369470462
CartpoleSwingup,Langevin (Noise=0.0),Gradient Scale,0.005,Langevin (Noise=0.0) | Gradient Scale=0.005,UDR,615.5003280639648,17.181301288264788,326.6365661621094,43.2850602046627,254.34490585327148,37.22814751426786
CartpoleSwingup,Langevin (Noise=0.0),Gradient Scale,0.01,Langevin (Noise=0.0) | Gradient Scale=0.01,RSDR (β=-10),624.3900527954102,10.393737801478348,376.78350830078125,32.46290706398986,248.29590320587158,76.75971856383569
CartpoleSwingup,Langevin (Noise=0.0),Gradient Scale,0.01,Langevin (Noise=0.0) | Gradient Scale=0.01,RSDR (β=-20),622.7132339477539,14.410626191432609,396.24121856689453,43.26931886465758,280.3518981933594,24.529589759246914
CartpoleSwingup,Langevin (Noise=0.0),Gradient Scale,0.01,Langevin (Noise=0.0) | Gradient Scale=0.01,RSDR (β=-30),614.4213256835938,34.935675076554794,395.91893768310547,38.31318952077485,248.6444320678711,32.76574546000977
CartpoleSwingup,Langevin (Noise=0.0),Gradient Scale,0.01,Langevin (Noise=0.0) | Gradient Scale=0.01,UDR,610.4895858764648,22.821821422562035,326.05628395080566,57.55730835916243,238.97354888916016,44.42190203191024
CartpoleSwingup,Langevin (Noise=0.0),Gradient Scale,0.05,Langevin (Noise=0.0) | Gradient Scale=0.05,RSDR (β=-20),624.3278961181641,17.068304931195797,409.4277534484863,68.56089999216476,307.1505489349365,33.418687286767515
CartpoleSwingup,Langevin (Noise=0.0),Gradient Scale,0.05,Langevin (Noise=0.0) | Gradient Scale=0.05,RSDR (β=-30),618.4096908569336,23.74153464876246,449.74243545532227,50.49898891388788,332.18596267700195,46.38252181816444
CartpoleSwingup,Langevin (Noise=0.0),Gradient Scale,0.05,Langevin (Noise=0.0) | Gradient Scale=0.05,RSDR (β=-10),618.1188278198242,15.914176181874936,396.0059623718262,44.358100322392964,301.6386966705322,44.86561478570932
CartpoleSwingup,Langevin (Noise=0.0),Gradient Scale,0.05,Langevin (Noise=0.0) | Gradient Scale=0.05,UDR,614.7402572631836,19.721322664610614,345.2307472229004,65.96270473116942,280.07532119750977,36.53517789868253
CartpoleSwingup,Langevin (Noise=0.0),Gradient Scale,0.1,Langevin (Noise=0.0) | Gradient Scale=0.1,RSDR (β=-30),529.8813781738281,33.301917075016874,402.4102020263672,49.796122834481764,256.23209953308105,40.41513508631368
CartpoleSwingup,Langevin (Noise=0.0),Gradient Scale,0.1,Langevin (Noise=0.0) | Gradient Scale=0.1,RSDR (β=-20),526.4279747009277,29.530952335499446,388.40141677856445,59.178686963481795,253.38080406188965,53.117164089649236
CartpoleSwingup,Langevin (Noise=0.0),Gradient Scale,0.1,Langevin (Noise=0.0) | Gradient Scale=0.1,RSDR (β=-10),506.7040100097656,24.16355061503416,364.9112205505371,43.61131156474345,203.53860092163086,32.03120451741121
CartpoleSwingup,Langevin (Noise=0.0),Gradient Scale,0.1,Langevin (Noise=0.0) | Gradient Scale=0.1,UDR,468.11537170410156,38.602041677638226,315.27815437316895,34.060208402872064,239.3946075439453,22.619850696077503
CartpoleSwingup,Langevin (Noise=0.0),Gradient Scale,0.5,Langevin (Noise=0.0) | Gradient Scale=0.5,RSDR (β=-30),513.9398803710938,35.36247277525053,450.73303985595703,49.91249100674302,321.5843982696533,63.16484588163662
CartpoleSwingup,Langevin (Noise=0.0),Gradient Scale,0.5,Langevin (Noise=0.0) | Gradient Scale=0.5,RSDR (β=-10),492.7857894897461,28.35296023697953,406.9571990966797,43.45528654720052,303.66383171081543,51.83509036924364
CartpoleSwingup,Langevin (Noise=0.0),Gradient Scale,0.5,Langevin (Noise=0.0) | Gradient Scale=0.5,RSDR (β=-20),484.44054794311523,51.591214904603234,401.482364654541,71.12577052431682,305.764368057251,43.85905483396704
CartpoleSwingup,Langevin (Noise=0.0),Gradient Scale,0.5,Langevin (Noise=0.0) | Gradient Scale=0.5,UDR,436.2276268005371,43.98299897107495,347.9941635131836,68.07969609527143,284.8678550720215,39.11790580797063
CartpoleSwingup,Langevin (Noise=0.0),Gradient Scale,1.0,Langevin (Noise=0.0) | Gradient Scale=1.0,RSDR (β=-10),493.2778129577637,29.5882480888885,412.0172691345215,43.554520708640474,409.2006378173828,43.18318333782303
CartpoleSwingup,Langevin (Noise=0.0),Gradient Scale,2.0,Langevin (Noise=0.0) | Gradient Scale=2.0,RSDR (β=-10),497.8652572631836,30.21576070421622,411.80043029785156,43.274674240878994,409.4135055541992,43.11717846727842
CartpoleSwingup,Langevin (Noise=0.0001),Gradient Scale,0.0,Langevin (Noise=0.0001) | Gradient Scale=0.0,RSDR (β=-10),757.6843032836914,5.693291443697383,563.6571578979492,21.350258587414174,321.4149475097656,20.30664914160017
CartpoleSwingup,Langevin (Noise=0.0001),Gradient Scale,0.0,Langevin (Noise=0.0001) | Gradient Scale=0.0,UDR,751.0042419433594,6.012306678043476,516.3459434509277,37.73622755587924,288.0965995788574,21.42802192915127
CartpoleSwingup,Langevin (Noise=0.0001),Gradient Scale,0.0,Langevin (Noise=0.0001) | Gradient Scale=0.0,RSDR (β=-20),747.2587432861328,13.229077739885824,579.633186340332,21.936653646315193,342.17102432250977,46.74830052338417
CartpoleSwingup,Langevin (Noise=0.0001),Gradient Scale,0.0,Langevin (Noise=0.0001) | Gradient Scale=0.0,RSDR (β=-30),730.3798446655273,16.558816219866486,565.0244445800781,28.741255291633045,338.49555587768555,49.79651712091995
CartpoleSwingup,Langevin (Noise=0.0001),Gradient Scale,0.001,Langevin (Noise=0.0001) | Gradient Scale=0.001,RSDR (β=-10),673.921272277832,9.212160867055587,428.9900703430176,23.324742632178825,297.29676628112793,24.039629916898296
CartpoleSwingup,Langevin (Noise=0.0001),Gradient Scale,0.001,Langevin (Noise=0.0001) | Gradient Scale=0.001,UDR,664.9877777099609,16.315434069530717,358.75519943237305,52.20216841494805,280.0239658355713,22.311689513317653
CartpoleSwingup,Langevin (Noise=0.0001),Gradient Scale,0.005,Langevin (Noise=0.0001) | Gradient Scale=0.005,RSDR (β=-10),649.848388671875,12.134863946804307,411.66550064086914,34.62690711102563,314.4244613647461,21.504997361916196
CartpoleSwingup,Langevin (Noise=0.0001),Gradient Scale,0.005,Langevin (Noise=0.0001) | Gradient Scale=0.005,UDR,634.3021392822266,17.355357946094056,346.86327362060547,53.39450556989088,276.43128776550293,23.27222674444924
CartpoleSwingup,Langevin (Noise=0.0001),Gradient Scale,0.01,Langevin (Noise=0.0001) | Gradient Scale=0.01,RSDR (β=-10),658.7637405395508,15.083302798229628,410.0765495300293,36.467347882092106,308.6814765930176,25.981246709794622
CartpoleSwingup,Langevin (Noise=0.0001),Gradient Scale,0.01,Langevin (Noise=0.0001) | Gradient Scale=0.01,RSDR (β=-20),655.7133331298828,14.970318420925228,438.3714485168457,46.79650880910817,269.48624992370605,42.545903728162266
CartpoleSwingup,Langevin (Noise=0.0001),Gradient Scale,0.01,Langevin (Noise=0.0001) | Gradient Scale=0.01,RSDR (β=-30),646.0121917724609,31.28908129483083,455.5613784790039,39.95926155018554,303.4171485900879,35.99629085599689
CartpoleSwingup,Langevin (Noise=0.0001),Gradient Scale,0.01,Langevin (Noise=0.0001) | Gradient Scale=0.01,UDR,641.5264892578125,21.764558456364295,348.8570556640625,55.426273150695245,259.8754062652588,39.37624855774536
CartpoleSwingup,Langevin (Noise=0.0001),Gradient Scale,0.05,Langevin (Noise=0.0001) | Gradient Scale=0.05,RSDR (β=-20),649.7749710083008,16.49220228802821,454.0965042114258,46.69764173327567,301.68451499938965,59.751603648527635
CartpoleSwingup,Langevin (Noise=0.0001),Gradient Scale,0.05,Langevin (Noise=0.0001) | Gradient Scale=0.05,RSDR (β=-10),635.7212600708008,14.797454361837076,421.91163635253906,39.6175992822344,226.20733070373535,73.38988948197645
CartpoleSwingup,Langevin (Noise=0.0001),Gradient Scale,0.05,Langevin (Noise=0.0001) | Gradient Scale=0.05,UDR,634.6551208496094,24.32574440843937,359.60146713256836,65.63527150404433,214.26327896118164,41.86508249106598
CartpoleSwingup,Langevin (Noise=0.0001),Gradient Scale,0.05,Langevin (Noise=0.0001) | Gradient Scale=0.05,RSDR (β=-30),632.9882888793945,26.721979671881776,465.7752494812012,42.99030759982714,261.7983989715576,48.728509657474554
CartpoleSwingup,Langevin (Noise=0.0001),Gradient Scale,0.1,Langevin (Noise=0.0001) | Gradient Scale=0.1,RSDR (β=-20),569.3433837890625,13.134354211185308,461.4556694030762,22.928769124861606,268.46352195739746,46.067539003463054
CartpoleSwingup,Langevin (Noise=0.0001),Gradient Scale,0.1,Langevin (Noise=0.0001) | Gradient Scale=0.1,RSDR (β=-30),557.0843353271484,30.48565802806341,424.62627029418945,60.48265034873793,278.18295097351074,44.1303698317349
CartpoleSwingup,Langevin (Noise=0.0001),Gradient Scale,0.1,Langevin (Noise=0.0001) | Gradient Scale=0.1,RSDR (β=-10),537.9666519165039,29.39133480767484,379.92872619628906,42.02452817184388,230.68546867370605,46.50380690266652
CartpoleSwingup,Langevin (Noise=0.0001),Gradient Scale,0.1,Langevin (Noise=0.0001) | Gradient Scale=0.1,UDR,497.812068939209,48.391225559049026,327.80556869506836,39.81154955586294,231.54141998291016,26.1970717966705
CartpoleSwingup,Langevin (Noise=0.0001),Gradient Scale,0.5,Langevin (Noise=0.0001) | Gradient Scale=0.5,RSDR (β=-20),598.2489624023438,15.495812759437337,341.9563789367676,27.32343458087582,202.53697776794434,13.548055684889853
CartpoleSwingup,Langevin (Noise=0.0001),Gradient Scale,0.5,Langevin (Noise=0.0001) | Gradient Scale=0.5,RSDR (β=-30),596.2191467285156,10.979848240269781,351.46754455566406,13.502492418943952,203.42893409729004,28.960714333555615
CartpoleSwingup,Langevin (Noise=0.0001),Gradient Scale,0.5,Langevin (Noise=0.0001) | Gradient Scale=0.5,RSDR (β=-10),592.2558288574219,15.647416351986685,337.3895683288574,31.16131439678783,188.8725357055664,25.129345432321504
CartpoleSwingup,Langevin (Noise=0.0001),Gradient Scale,0.5,Langevin (Noise=0.0001) | Gradient Scale=0.5,UDR,557.3122024536133,20.294220652148997,301.7579116821289,28.471945563534273,199.9592628479004,17.2332051933244
CartpoleSwingup,Langevin (Noise=0.0001),Gradient Scale,1.0,Langevin (Noise=0.0001) | Gradient Scale=1.0,RSDR (β=-10),673.03564453125,14.69409658677941,317.4022674560547,15.814693874248526,210.9059829711914,21.52781434067501
CartpoleSwingup,Langevin (Noise=0.0001),Gradient Scale,2.0,Langevin (Noise=0.0001) | Gradient Scale=2.0,RSDR (β=-10),718.3579254150391,11.196291323192433,387.15722274780273,26.04063668974588,234.33358764648438,22.88629913964133
CartpoleSwingup,Langevin (Noise=0.0005),Gradient Scale,0.001,Langevin (Noise=0.0005) | Gradient Scale=0.001,RSDR (β=-10),673.0038452148438,9.519813105308641,430.48648834228516,25.315225931188635,289.5020580291748,21.176785942890582
CartpoleSwingup,Langevin (Noise=0.0005),Gradient Scale,0.001,Langevin (Noise=0.0005) | Gradient Scale=0.001,UDR,663.4716110229492,16.882624339870436,359.5642547607422,52.22605568977196,273.9809341430664,20.426411014382108
CartpoleSwingup,Langevin (Noise=0.0005),Gradient Scale,0.005,Langevin (Noise=0.0005) | Gradient Scale=0.005,RSDR (β=-10),633.5271682739258,12.323529464442345,407.76546478271484,32.62226331345235,272.5707149505615,38.89764315841081
CartpoleSwingup,Langevin (Noise=0.0005),Gradient Scale,0.005,Langevin (Noise=0.0005) | Gradient Scale=0.005,UDR,611.8850326538086,19.75149341838111,337.0299377441406,45.08478149886197,272.34014320373535,48.053774763027434
CartpoleSwingup,Langevin (Noise=0.0005),Gradient Scale,0.01,Langevin (Noise=0.0005) | Gradient Scale=0.01,RSDR (β=-10),647.059211730957,15.437908078302664,413.0467529296875,38.24261883233898,304.4439067840576,32.31356231076632
CartpoleSwingup,Langevin (Noise=0.0005),Gradient Scale,0.01,Langevin (Noise=0.0005) | Gradient Scale=0.01,UDR,629.8086090087891,22.192486510223368,343.6394271850586,54.100072246129855,273.5376949310303,39.54402300830351
CartpoleSwingup,Langevin (Noise=0.0005),Gradient Scale,0.05,Langevin (Noise=0.0005) | Gradient Scale=0.05,RSDR (β=-10),623.7188873291016,15.756734417485458,412.08549880981445,41.13680224900977,186.00489044189453,78.67253903472569
CartpoleSwingup,Langevin (Noise=0.0005),Gradient Scale,0.05,Langevin (Noise=0.0005) | Gradient Scale=0.05,UDR,622.3783416748047,26.50791229737701,360.6790351867676,65.67097088709488,222.48383903503418,43.245980983697415
CartpoleSwingup,Langevin (Noise=0.0005),Gradient Scale,0.1,Langevin (Noise=0.0005) | Gradient Scale=0.1,RSDR (β=-10),524.7346992492676,28.518750036378922,370.3116912841797,38.1152718004861,197.41802597045898,59.800795931533955
CartpoleSwingup,Langevin (Noise=0.0005),Gradient Scale,0.1,Langevin (Noise=0.0005) | Gradient Scale=0.1,UDR,482.01343536376953,49.19603392824551,324.42279052734375,38.55076381644375,212.73407173156738,31.288834462303743
CartpoleSwingup,Langevin (Noise=0.0005),Gradient Scale,0.5,Langevin (Noise=0.0005) | Gradient Scale=0.5,RSDR (β=-30),580.9291076660156,11.890656121729553,336.4585990905762,15.395706773075874,177.06187915802002,26.88205556212319
CartpoleSwingup,Langevin (Noise=0.0005),Gradient Scale,0.5,Langevin (Noise=0.0005) | Gradient Scale=0.5,RSDR (β=-20),579.6331405639648,18.860758680573888,327.57556533813477,29.366917264717554,184.0610752105713,9.828772108640226
CartpoleSwingup,Langevin (Noise=0.0005),Gradient Scale,0.5,Langevin (Noise=0.0005) | Gradient Scale=0.5,RSDR (β=-10),562.0775985717773,17.417494005539222,309.45674896240234,24.60895728702747,182.10589790344238,21.949315691308765
CartpoleSwingup,Langevin (Noise=0.0005),Gradient Scale,0.5,Langevin (Noise=0.0005) | Gradient Scale=0.5,UDR,518.2160530090332,28.00655753737073,285.6893424987793,22.52387613171074,170.8964900970459,6.21372217892911
CartpoleSwingup,Langevin (Noise=0.0005),Gradient Scale,1.0,Langevin (Noise=0.0005) | Gradient Scale=1.0,RSDR (β=-10),677.0841751098633,15.604930630777941,324.0501251220703,22.04804864094374,202.56130409240723,41.37825964075496
CartpoleSwingup,Langevin (Noise=0.0005),Gradient Scale,2.0,Langevin (Noise=0.0005) | Gradient Scale=2.0,RSDR (β=-10),720.9265441894531,11.540188580668023,390.63523864746094,23.8725369211446,242.17836952209473,18.84686534108012
CartpoleSwingup,Langevin (Noise=0.001),Gradient Scale,0.0,Langevin (Noise=0.001) | Gradient Scale=0.0,RSDR (β=-10),755.69140625,5.2876189710790005,559.8581237792969,19.158642049062262,321.6350975036621,34.474100231509965
CartpoleSwingup,Langevin (Noise=0.001),Gradient Scale,0.0,Langevin (Noise=0.001) | Gradient Scale=0.0,UDR,748.4132537841797,6.269975000996024,513.4420013427734,37.410047968337494,282.1463394165039,30.26392235528208
CartpoleSwingup,Langevin (Noise=0.001),Gradient Scale,0.0,Langevin (Noise=0.001) | Gradient Scale=0.0,RSDR (β=-20),744.8707733154297,12.83840492157797,575.8068466186523,21.317939374723824,347.42054748535156,27.250330581695575
CartpoleSwingup,Langevin (Noise=0.001),Gradient Scale,0.0,Langevin (Noise=0.001) | Gradient Scale=0.0,RSDR (β=-30),727.502197265625,15.106349694957208,557.6130867004395,27.019222815900513,330.21156311035156,45.384616155683915
CartpoleSwingup,Langevin (Noise=0.001),Gradient Scale,0.001,Langevin (Noise=0.001) | Gradient Scale=0.001,RSDR (β=-10),673.299186706543,8.959756433530158,428.9973335266113,25.62112259998103,288.4780864715576,18.201043065709534
CartpoleSwingup,Langevin (Noise=0.001),Gradient Scale,0.001,Langevin (Noise=0.001) | Gradient Scale=0.001,UDR,664.3443603515625,16.719092635822726,358.29256439208984,52.72009295193497,272.67879486083984,19.828061500232092
CartpoleSwingup,Langevin (Noise=0.001),Gradient Scale,0.005,Langevin (Noise=0.001) | Gradient Scale=0.005,RSDR (β=-10),628.3847732543945,11.978049084302736,410.2895278930664,34.8487819379804,305.64256858825684,32.127484233200896
CartpoleSwingup,Langevin (Noise=0.001),Gradient Scale,0.005,Langevin (Noise=0.001) | Gradient Scale=0.005,UDR,604.1999130249023,19.88010205692513,333.29724884033203,42.29650370441871,278.8373394012451,42.21177971804216
CartpoleSwingup,Langevin (Noise=0.001),Gradient Scale,0.01,Langevin (Noise=0.001) | Gradient Scale=0.01,RSDR (β=-10),643.9314117431641,15.598618209441021,409.2000427246094,38.37689788171069,307.235445022583,36.228026057252414
CartpoleSwingup,Langevin (Noise=0.001),Gradient Scale,0.01,Langevin (Noise=0.001) | Gradient Scale=0.01,RSDR (β=-20),639.7017517089844,14.188242658637511,431.6344413757324,45.59121935583104,297.66827964782715,41.80261703220177
CartpoleSwingup,Langevin (Noise=0.001),Gradient Scale,0.01,Langevin (Noise=0.001) | Gradient Scale=0.01,RSDR (β=-30),629.5499725341797,29.094914993340574,435.9891548156738,41.968203378536494,292.3819236755371,40.148559489159375
CartpoleSwingup,Langevin (Noise=0.001),Gradient Scale,0.01,Langevin (Noise=0.001) | Gradient Scale=0.01,UDR,628.59326171875,21.7574680854138,339.4326629638672,54.748341576428565,287.90222549438477,37.64594326690053
CartpoleSwingup,Langevin (Noise=0.001),Gradient Scale,0.05,Langevin (Noise=0.001) | Gradient Scale=0.05,RSDR (β=-20),627.3831253051758,16.178290479251437,437.5649642944336,44.41807785945684,227.35342979431152,37.19194100977165
CartpoleSwingup,Langevin (Noise=0.001),Gradient Scale,0.05,Langevin (Noise=0.001) | Gradient Scale=0.05,RSDR (β=-30),614.9287567138672,29.243627502088785,440.16637802124023,40.53782196222267,219.60053634643555,28.792741080746065
CartpoleSwingup,Langevin (Noise=0.001),Gradient Scale,0.05,Langevin (Noise=0.001) | Gradient Scale=0.05,RSDR (β=-10),613.8877258300781,15.889184082141952,399.26990509033203,36.15565467983764,196.28348588943481,68.57040430423429
CartpoleSwingup,Langevin (Noise=0.001),Gradient Scale,0.05,Langevin (Noise=0.001) | Gradient Scale=0.05,UDR,609.8896789550781,27.468305348141353,354.6627388000488,61.16884374323658,208.89702606201172,30.08897502791518
CartpoleSwingup,Langevin (Noise=0.001),Gradient Scale,0.1,Langevin (Noise=0.001) | Gradient Scale=0.1,RSDR (β=-20),550.1548919677734,13.761791678102975,442.6352119445801,18.560735814935008,230.69313049316406,36.08888222275924
CartpoleSwingup,Langevin (Noise=0.001),Gradient Scale,0.1,Langevin (Noise=0.001) | Gradient Scale=0.1,RSDR (β=-30),535.4137878417969,35.30407134903829,409.14984130859375,58.2023743947944,230.45472145080566,38.17209438966515
CartpoleSwingup,Langevin (Noise=0.001),Gradient Scale,0.1,Langevin (Noise=0.001) | Gradient Scale=0.1,RSDR (β=-10),513.5250625610352,27.93553933975066,362.644229888916,35.27872130509752,185.24063193798065,72.97550908501832
CartpoleSwingup,Langevin (Noise=0.001),Gradient Scale,0.1,Langevin (Noise=0.001) | Gradient Scale=0.1,UDR,466.8698272705078,49.908915172668046,321.3319511413574,37.56623901936045,221.00731468200684,30.222332188609716
CartpoleSwingup,Langevin (Noise=0.001),Gradient Scale,0.5,Langevin (Noise=0.001) | Gradient Scale=0.5,RSDR (β=-30),575.1257095336914,11.362545417180462,340.98327255249023,19.873787466699138,172.53382301330566,31.624116123934993
CartpoleSwingup,Langevin (Noise=0.001),Gradient Scale,0.5,Langevin (Noise=0.001) | Gradient Scale=0.5,RSDR (β=-20),572.3284683227539,20.45683984749188,330.01949310302734,29.09177432432622,164.04532527923584,23.23747262956316
CartpoleSwingup,Langevin (Noise=0.001),Gradient Scale,0.5,Langevin (Noise=0.001) | Gradient Scale=0.5,RSDR (β=-10),551.5106353759766,20.495620140055664,307.4136486053467,28.445099520711278,175.7373046875,25.84180607339811
CartpoleSwingup,Langevin (Noise=0.001),Gradient Scale,0.5,Langevin (Noise=0.001) | Gradient Scale=0.5,UDR,501.6773490905762,32.56823006654652,284.6253471374512,22.70785750509341,181.1079216003418,15.546194874073759
CartpoleSwingup,Langevin (Noise=0.001),Gradient Scale,1.0,Langevin (Noise=0.001) | Gradient Scale=1.0,RSDR (β=-10),670.0119552612305,15.733527171476172,315.9889450073242,19.35026733336095,196.07670974731445,21.35388680437664
CartpoleSwingup,Langevin (Noise=0.001),Gradient Scale,2.0,Langevin (Noise=0.001) | Gradient Scale=2.0,RSDR (β=-10),716.850212097168,11.287878479642204,382.71488189697266,24.15144244903445,229.68273544311523,22.30317444746449
CartpoleSwingup,Langevin (Noise=0.005),Gradient Scale,0.0,Langevin (Noise=0.005) | Gradient Scale=0.0,RSDR (β=-10),722.4345703125,3.3250660591099717,491.4993133544922,10.208729533774088,290.3322277069092,31.408535760483336
CartpoleSwingup,Langevin (Noise=0.005),Gradient Scale,0.0,Langevin (Noise=0.005) | Gradient Scale=0.0,UDR,712.5319900512695,7.093420373827073,445.3784065246582,28.269482214108752,274.4021987915039,24.922346301393077
CartpoleSwingup,Langevin (Noise=0.005),Gradient Scale,0.0,Langevin (Noise=0.005) | Gradient Scale=0.0,RSDR (β=-20),709.4390029907227,11.857314393482785,497.32654571533203,18.217924824033965,267.5049018859863,26.802786494234446
CartpoleSwingup,Langevin (Noise=0.005),Gradient Scale,0.0,Langevin (Noise=0.005) | Gradient Scale=0.0,RSDR (β=-30),695.3583908081055,9.96795230731139,477.7283020019531,20.650817320941794,266.2350788116455,23.011356835554935
CartpoleSwingup,Langevin (Noise=0.005),Gradient Scale,0.001,Langevin (Noise=0.005) | Gradient Scale=0.001,RSDR (β=-10),680.2289581298828,7.145183178712259,435.2820281982422,26.693523427289996,281.3077449798584,21.762317798258444
CartpoleSwingup,Langevin (Noise=0.005),Gradient Scale,0.001,Langevin (Noise=0.005) | Gradient Scale=0.001,UDR,663.3576431274414,17.189203271266265,360.0472831726074,50.029506816822206,263.53454208374023,21.813377239319756
CartpoleSwingup,Langevin (Noise=0.005),Gradient Scale,0.005,Langevin (Noise=0.005) | Gradient Scale=0.005,RSDR (β=-10),626.9835968017578,11.528917000848454,404.80881118774414,31.498722829769655,281.1794319152832,21.645415366522762
CartpoleSwingup,Langevin (Noise=0.005),Gradient Scale,0.005,Langevin (Noise=0.005) | Gradient Scale=0.005,UDR,610.0704574584961,22.674033586253536,335.7672805786133,50.68330018060423,272.87897300720215,39.68175783244974
CartpoleSwingup,Langevin (Noise=0.005),Gradient Scale,0.01,Langevin (Noise=0.005) | Gradient Scale=0.01,RSDR (β=-10),637.473747253418,12.756379860045655,401.88582611083984,36.95756599795496,272.9189977645874,68.30496767669416
CartpoleSwingup,Langevin (Noise=0.005),Gradient Scale,0.01,Langevin (Noise=0.005) | Gradient Scale=0.01,RSDR (β=-20),635.1829452514648,15.835950161436989,423.9824638366699,52.159317287089806,295.7314167022705,31.401115472823456
CartpoleSwingup,Langevin (Noise=0.005),Gradient Scale,0.01,Langevin (Noise=0.005) | Gradient Scale=0.01,UDR,626.590705871582,20.804988816698344,335.98891830444336,56.77809001343606,273.6212730407715,38.256919009396576
CartpoleSwingup,Langevin (Noise=0.005),Gradient Scale,0.01,Langevin (Noise=0.005) | Gradient Scale=0.01,RSDR (β=-30),626.3740768432617,26.601586399901528,438.4651107788086,38.81677481922375,280.30384254455566,36.02742085595503
CartpoleSwingup,Langevin (Noise=0.005),Gradient Scale,0.05,Langevin (Noise=0.005) | Gradient Scale=0.05,RSDR (β=-20),535.6639175415039,17.24479637452817,350.2394027709961,30.808544491281616,187.59164810180664,64.1313367386199
CartpoleSwingup,Langevin (Noise=0.005),Gradient Scale,0.05,Langevin (Noise=0.005) | Gradient Scale=0.05,RSDR (β=-30),530.0433921813965,35.35140179340192,332.6639347076416,41.77283229892444,178.2808017730713,65.87403147166802
CartpoleSwingup,Langevin (Noise=0.005),Gradient Scale,0.05,Langevin (Noise=0.005) | Gradient Scale=0.05,RSDR (β=-10),506.12657928466797,23.56525505663437,318.2962989807129,27.36175139874115,154.15525817871094,55.04264710293183
CartpoleSwingup,Langevin (Noise=0.005),Gradient Scale,0.05,Langevin (Noise=0.005) | Gradient Scale=0.05,UDR,453.32764053344727,52.53608340107258,294.34287452697754,30.953946919745114,188.7287425994873,26.554371526616848
CartpoleSwingup,Langevin (Noise=0.005),Gradient Scale,0.1,Langevin (Noise=0.005) | Gradient Scale=0.1,RSDR (β=-20),505.4894256591797,16.767754812925983,395.1325378417969,29.467633602494793,198.37998580932617,53.342593955467976
CartpoleSwingup,Langevin (Noise=0.005),Gradient Scale,0.1,Langevin (Noise=0.005) | Gradient Scale=0.1,RSDR (β=-30),496.20491790771484,42.93733963414055,372.17733001708984,47.23030837504003,199.74208974838257,72.66498619052287
CartpoleSwingup,Langevin (Noise=0.005),Gradient Scale,0.1,Langevin (Noise=0.005) | Gradient Scale=0.1,RSDR (β=-10),463.2681884765625,32.04334865847835,343.04542541503906,25.59828188741994,171.27417373657227,60.315173110418904
CartpoleSwingup,Langevin (Noise=0.005),Gradient Scale,0.1,Langevin (Noise=0.005) | Gradient Scale=0.1,UDR,391.60864639282227,61.42453928455363,307.9020118713379,33.71337966541328,217.7067050933838,22.017343798559743
CartpoleSwingup,Langevin (Noise=0.005),Gradient Scale,0.5,Langevin (Noise=0.005) | Gradient Scale=0.5,RSDR (β=-30),538.0362930297852,19.787859096763512,334.14966201782227,20.504073578788017,185.66057014465332,26.577827531425235
CartpoleSwingup,Langevin (Noise=0.005),Gradient Scale,0.5,Langevin (Noise=0.005) | Gradient Scale=0.5,RSDR (β=-20),537.5504379272461,19.019613671548687,329.88695907592773,28.636756789590073,180.79034233093262,14.92413982855514
CartpoleSwingup,Langevin (Noise=0.005),Gradient Scale,0.5,Langevin (Noise=0.005) | Gradient Scale=0.5,RSDR (β=-10),510.60974884033203,25.66000281040732,308.29150009155273,25.690325181580064,178.02106094360352,16.792972714962737
CartpoleSwingup,Langevin (Noise=0.005),Gradient Scale,0.5,Langevin (Noise=0.005) | Gradient Scale=0.5,UDR,453.9626655578613,41.512536226978845,284.07885360717773,17.591665246119668,176.57648277282715,22.80419988263919
CartpoleSwingup,Langevin (Noise=0.005),Gradient Scale,1.0,Langevin (Noise=0.005) | Gradient Scale=1.0,RSDR (β=-10),623.9100875854492,16.19282622511109,277.15421867370605,13.239293906251705,162.1721715927124,46.99160529277096
CartpoleSwingup,Random Walk,Noise Scale,0.0,Random Walk | Noise Scale=0.0,RSDR (β=-10),757.5693054199219,5.6338100244506055,562.668327331543,20.74543168483232,325.1378059387207,26.29757013872493
CartpoleSwingup,Random Walk,Noise Scale,0.0,Random Walk | Noise Scale=0.0,UDR,751.0385589599609,5.98137430396068,515.9078140258789,36.75495199461425,288.273738861084,36.06232810883183
CartpoleSwingup,Random Walk,Noise Scale,0.0,Random Walk | Noise Scale=0.0,RSDR (β=-20),747.3005142211914,13.191408820780996,580.2534255981445,21.66818204710901,357.57762145996094,66.23510607402731
CartpoleSwingup,Random Walk,Noise Scale,0.0,Random Walk | Noise Scale=0.0,RSDR (β=-30),730.2876663208008,16.613814646652973,564.6482429504395,29.708541145300963,334.1845169067383,49.94816852933565
CartpoleSwingup,Random Walk,Noise Scale,0.0001,Random Walk | Noise Scale=0.0001,RSDR (β=-10),757.6843032836914,5.693291443697383,563.6571578979492,21.350258587414174,321.4149475097656,20.30664914160017
CartpoleSwingup,Random Walk,Noise Scale,0.0001,Random Walk | Noise Scale=0.0001,UDR,751.0042419433594,6.012306678043476,516.3459434509277,37.73622755587924,288.0965995788574,21.42802192915127
CartpoleSwingup,Random Walk,Noise Scale,0.0001,Random Walk | Noise Scale=0.0001,RSDR (β=-20),747.2587432861328,13.229077739885824,579.633186340332,21.936653646315193,342.17102432250977,46.74830052338417
CartpoleSwingup,Random Walk,Noise Scale,0.0001,Random Walk | Noise Scale=0.0001,RSDR (β=-30),730.3798446655273,16.558816219866486,565.0244445800781,28.741255291633045,338.49555587768555,49.79651712091995
CartpoleSwingup,Random Walk,Noise Scale,0.0005,Random Walk | Noise Scale=0.0005,RSDR (β=-10),757.2912063598633,5.539794223393943,562.2934188842773,20.24969853829539,321.1850891113281,31.889319174018333
CartpoleSwingup,Random Walk,Noise Scale,0.0005,Random Walk | Noise Scale=0.0005,UDR,750.4553146362305,6.258409491248901,516.3842544555664,37.99683642615889,285.8416996002197,30.475415819539695
CartpoleSwingup,Random Walk,Noise Scale,0.0005,Random Walk | Noise Scale=0.0005,RSDR (β=-20),746.7793884277344,13.100254702352743,578.7469711303711,21.984855489881692,320.1266460418701,37.952123687078775
CartpoleSwingup,Random Walk,Noise Scale,0.0005,Random Walk | Noise Scale=0.0005,RSDR (β=-30),729.5520553588867,15.831982735640153,562.1176681518555,26.817526635957083,334.3183364868164,41.977290606212016
CartpoleSwingup,Random Walk,Noise Scale,0.001,Random Walk | Noise Scale=0.001,RSDR (β=-10),755.69140625,5.2876189710790005,559.8581237792969,19.158642049062262,321.6350975036621,34.474100231509965
CartpoleSwingup,Random Walk,Noise Scale,0.001,Random Walk | Noise Scale=0.001,UDR,748.4132537841797,6.269975000996024,513.4420013427734,37.410047968337494,282.1463394165039,30.26392235528208
CartpoleSwingup,Random Walk,Noise Scale,0.001,Random Walk | Noise Scale=0.001,RSDR (β=-20),744.8707733154297,12.83840492157797,575.8068466186523,21.317939374723824,347.42054748535156,27.250330581695575
CartpoleSwingup,Random Walk,Noise Scale,0.001,Random Walk | Noise Scale=0.001,RSDR (β=-30),727.502197265625,15.106349694957208,557.6130867004395,27.019222815900513,330.21156311035156,45.384616155683915
CartpoleSwingup,Random Walk,Noise Scale,0.005,Random Walk | Noise Scale=0.005,RSDR (β=-10),722.4345703125,3.3250660591099717,491.4993133544922,10.208729533774088,290.3322277069092,31.408535760483336
CartpoleSwingup,Random Walk,Noise Scale,0.005,Random Walk | Noise Scale=0.005,UDR,712.5319900512695,7.093420373827073,445.3784065246582,28.269482214108752,274.4021987915039,24.922346301393077
CartpoleSwingup,Random Walk,Noise Scale,0.005,Random Walk | Noise Scale=0.005,RSDR (β=-20),709.4390029907227,11.857314393482785,497.32654571533203,18.217924824033965,267.5049018859863,26.802786494234446
CartpoleSwingup,Random Walk,Noise Scale,0.005,Random Walk | Noise Scale=0.005,RSDR (β=-30),695.3583908081055,9.96795230731139,477.7283020019531,20.650817320941794,266.2350788116455,23.011356835554935
CartpoleSwingup,Random Walk,Noise Scale,0.01,Random Walk | Noise Scale=0.01,RSDR (β=-10),683.1658248901367,3.2664474222052395,411.27358627319336,16.577181723603648,240.2154884338379,32.46186657379525
CartpoleSwingup,Random Walk,Noise Scale,0.01,Random Walk | Noise Scale=0.01,UDR,673.6072158813477,7.236650718735086,380.68504333496094,19.30275977919093,233.7973403930664,24.779347502306454
CartpoleSwingup,Random Walk,Noise Scale,0.01,Random Walk | Noise Scale=0.01,RSDR (β=-20),669.8486251831055,10.604030429465862,403.1804389953613,16.356249325787193,245.15056991577148,29.072406524813893
CartpoleSwingup,Random Walk,Noise Scale,0.01,Random Walk | Noise Scale=0.01,RSDR (β=-30),660.3009338378906,8.398874046435136,393.5527648925781,12.904256592887664,253.96879196166992,12.876408543668223
CartpoleSwingup,Random Walk,Noise Scale,0.05,Random Walk | Noise Scale=0.05,RSDR (β=-10),536.5779495239258,9.254456120122278,237.71985244750977,4.86430346445817,123.50282621383667,40.50608874466772
CartpoleSwingup,Random Walk,Noise Scale,0.05,Random Walk | Noise Scale=0.05,RSDR (β=-20),527.4791793823242,9.626162642831709,236.3447093963623,4.198790477586021,138.4795069694519,32.81862766948601
CartpoleSwingup,Random Walk,Noise Scale,0.05,Random Walk | Noise Scale=0.05,UDR,521.8463706970215,8.656611227171629,238.31132698059082,5.432855716207723,148.08711528778076,19.416236411227416
CartpoleSwingup,Random Walk,Noise Scale,0.05,Random Walk | Noise Scale=0.05,RSDR (β=-30),519.6190872192383,8.933252002978882,233.8045425415039,9.549518546654273,122.63276720046997,39.23616759231265
CartpoleSwingup,Random Walk,Noise Scale,1e-05,Random Walk | Noise Scale=1e-05,RSDR (β=-10),757.6411666870117,5.654792405144955,563.2310180664062,20.72866524706869,320.8877601623535,25.465565426396207
CartpoleSwingup,Random Walk,Noise Scale,1e-05,Random Walk | Noise Scale=1e-05,UDR,751.0195159912109,6.049729710434512,515.8428573608398,37.26386823687148,284.81929779052734,32.32626006349621
CartpoleSwingup,Random Walk,Noise Scale,1e-05,Random Walk | Noise Scale=1e-05,RSDR (β=-20),747.3033905029297,13.17198171403917,580.2019729614258,21.392549877733153,349.25488662719727,46.1192385637897
CartpoleSwingup,Random Walk,Noise Scale,1e-05,Random Walk | Noise Scale=1e-05,RSDR (β=-30),730.3188858032227,16.657414291505525,564.8983993530273,29.856797904739437,352.30253982543945,45.36606671955035
CartpoleSwingup,Random Walk,Noise Scale,5e-05,Random Walk | Noise Scale=5e-05,RSDR (β=-10),757.5878829956055,5.545853555382971,562.7583618164062,20.347529846383914,333.2421340942383,20.075379576392415
CartpoleSwingup,Random Walk,Noise Scale,5e-05,Random Walk | Noise Scale=5e-05,UDR,750.9724273681641,6.0318766605427765,515.685359954834,37.761958878791496,286.9855365753174,26.50211449771987
CartpoleSwingup,Random Walk,Noise Scale,5e-05,Random Walk | Noise Scale=5e-05,RSDR (β=-20),747.2464752197266,13.11508745591756,579.6477508544922,20.853082331782247,337.00965118408203,36.224785133074136
CartpoleSwingup,Random Walk,Noise Scale,5e-05,Random Walk | Noise Scale=5e-05,RSDR (β=-30),730.3433151245117,16.50451686630843,564.8022613525391,28.442296757903506,332.6759262084961,44.72864491999862
